CustomerID,BuyerType
12347,Retail
12348,Wholesale
12349,Retail
12350,Retail
12352,Retail
12353,Retail
12354,Retail
12355,Retail
12356,Retail
12357,Wholesale
12358,Retail
12359,Retail
12360,Retail
12361,Retail
12362,Retail
12363,Retail
12364,Retail
12365,Retail
12367,Retail
12370,Wholesale
12371,Retail
12372,Retail
12373,Retail
12374,Retail
12375,Retail
12377,Retail
12378,Wholesale
12379,Retail
12380,Retail
12381,Retail
12383,Retail
12384,Retail
12386,Retail
12388,Retail
12390,Retail
12391,Retail
12393,Retail
12394,Retail
12395,Retail
12397,Retail
12398,Retail
12399,Retail
12401,Retail
12402,Retail
12403,Retail
12405,Retail
12406,Retail
12407,Retail
12408,Retail
12409,Wholesale
12410,Retail
12412,Retail
12413,Retail
12414,Retail
12415,Wholesale
12417,Retail
12418,Retail
12420,Retail
12421,Retail
12422,Retail
12423,Retail
12424,Retail
12425,Retail
12426,Retail
12427,Retail
12428,Retail
12429,Retail
12430,Retail
12431,Retail
12432,Retail
12433,Wholesale
12434,Retail
12435,Retail
12436,Retail
12437,Retail
12438,Retail
12441,Retail
12442,Retail
12444,Retail
12445,Retail
12446,Retail
12447,Retail
12448,Retail
12449,Retail
12450,Retail
12451,Wholesale
12452,Retail
12453,Retail
12455,Retail
12456,Retail
12457,Retail
12458,Retail
12461,Retail
12462,Retail
12463,Retail
12464,Retail
12465,Retail
12468,Retail
12471,Retail
12472,Retail
12473,Retail
12474,Retail
12475,Retail
12476,Retail
12477,Wholesale
12478,Retail
12479,Retail
12480,Retail
12481,Retail
12483,Retail
12484,Retail
12488,Retail
12489,Retail
12490,Retail
12491,Retail
12492,Retail
12493,Retail
12494,Retail
12497,Retail
12498,Retail
12500,Retail
12501,Retail
12502,Retail
12504,Retail
12506,Retail
12507,Retail
12508,Retail
12509,Retail
12510,Retail
12512,Retail
12513,Retail
12514,Retail
12515,Retail
12516,Retail
12517,Retail
12518,Retail
12519,Retail
12520,Retail
12521,Retail
12522,Retail
12523,Retail
12524,Wholesale
12526,Retail
12527,Retail
12528,Retail
12530,Retail
12531,Retail
12532,Retail
12534,Retail
12535,Retail
12536,Wholesale
12538,Retail
12539,Retail
12540,Retail
12541,Retail
12544,Retail
12545,Retail
12546,Retail
12547,Retail
12548,Retail
12550,Retail
12551,Retail
12552,Retail
12553,Retail
12556,Retail
12557,Wholesale
12559,Retail
12560,Retail
12561,Retail
12562,Retail
12564,Retail
12565,Retail
12566,Retail
12567,Wholesale
12569,Retail
12571,Retail
12572,Retail
12573,Retail
12574,Retail
12576,Retail
12577,Retail
12578,Retail
12579,Retail
12580,Retail
12581,Retail
12582,Retail
12583,Retail
12584,Retail
12585,Retail
12586,Retail
12587,Retail
12588,Retail
12589,Retail
12590,Wholesale
12591,Retail
12592,Retail
12593,Retail
12594,Retail
12596,Retail
12597,Wholesale
12598,Retail
12599,Retail
12600,Retail
12601,Retail
12602,Retail
12603,Retail
12604,Retail
12609,Retail
12610,Retail
12611,Retail
12612,Retail
12613,Retail
12614,Retail
12615,Retail
12616,Retail
12617,Retail
12618,Retail
12619,Retail
12620,Retail
12621,Retail
12622,Retail
12623,Retail
12624,Retail
12625,Retail
12626,Retail
12627,Wholesale
12628,Retail
12630,Retail
12631,Retail
12633,Retail
12635,Retail
12637,Retail
12638,Retail
12639,Retail
12640,Retail
12641,Retail
12642,Retail
12643,Retail
12644,Retail
12645,Retail
12646,Retail
12647,Retail
12648,Retail
12649,Retail
12650,Retail
12651,Retail
12652,Retail
12653,Retail
12654,Retail
12656,Retail
12657,Retail
12658,Retail
12659,Retail
12660,Retail
12662,Retail
12664,Retail
12665,Retail
12667,Retail
12668,Retail
12669,Retail
12670,Retail
12672,Retail
12673,Retail
12674,Retail
12676,Retail
12678,Wholesale
12679,Retail
12680,Retail
12681,Retail
12682,Retail
12683,Retail
12684,Retail
12685,Retail
12686,Retail
12688,Wholesale
12689,Retail
12690,Retail
12691,Retail
12693,Retail
12694,Retail
12695,Retail
12697,Retail
12700,Wholesale
12701,Retail
12702,Retail
12703,Retail
12704,Retail
12705,Retail
12707,Retail
12708,Retail
12709,Retail
12710,Retail
12712,Retail
12713,Retail
12714,Wholesale
12715,Retail
12716,Retail
12717,Retail
12718,Retail
12719,Retail
12720,Retail
12721,Retail
12722,Retail
12723,Retail
12724,Retail
12725,Retail
12726,Wholesale
12727,Retail
12728,Retail
12729,Retail
12731,Wholesale
12732,Retail
12733,Retail
12734,Retail
12735,Retail
12736,Retail
12738,Retail
12739,Retail
12740,Retail
12743,Retail
12744,Wholesale
12747,Retail
12748,Retail
12749,Retail
12750,Retail
12752,Wholesale
12753,Wholesale
12754,Wholesale
12755,Retail
12756,Retail
12757,Retail
12758,Wholesale
12759,Retail
12762,Retail
12763,Retail
12764,Retail
12766,Wholesale
12769,Retail
12770,Retail
12772,Retail
12775,Retail
12778,Retail
12779,Retail
12781,Retail
12782,Retail
12783,Retail
12784,Retail
12785,Retail
12787,Retail
12789,Retail
12790,Retail
12791,Retail
12792,Retail
12793,Retail
12794,Retail
12795,Retail
12797,Retail
12798,Wholesale
12802,Retail
12808,Retail
12809,Retail
12811,Retail
12812,Retail
12814,Retail
12815,Retail
12816,Retail
12817,Retail
12818,Retail
12820,Retail
12821,Retail
12822,Retail
12823,Retail
12824,Retail
12826,Retail
12827,Retail
12828,Retail
12829,Retail
12830,Wholesale
12831,Retail
12832,Retail
12833,Retail
12834,Retail
12836,Retail
12837,Retail
12838,Retail
12839,Retail
12840,Retail
12841,Retail
12842,Retail
12843,Retail
12844,Retail
12845,Retail
12847,Retail
12849,Retail
12851,Retail
12852,Retail
12853,Retail
12854,Retail
12855,Retail
12856,Retail
12857,Retail
12863,Retail
12864,Retail
12865,Retail
12866,Retail
12867,Wholesale
12868,Retail
12871,Retail
12872,Retail
12873,Retail
12875,Retail
12876,Retail
12877,Retail
12878,Retail
12879,Retail
12881,Retail
12882,Retail
12883,Retail
12884,Retail
12885,Retail
12886,Retail
12888,Retail
12890,Retail
12891,Retail
12893,Retail
12895,Retail
12897,Retail
12901,Wholesale
12902,Retail
12904,Retail
12906,Retail
12909,Retail
12910,Retail
12912,Retail
12913,Retail
12915,Retail
12916,Retail
12917,Retail
12919,Retail
12920,Retail
12921,Retail
12922,Retail
12923,Retail
12924,Retail
12925,Retail
12928,Retail
12929,Retail
12930,Retail
12931,Wholesale
12933,Retail
12935,Retail
12936,Retail
12937,Retail
12938,Retail
12939,Wholesale
12940,Retail
12942,Retail
12944,Retail
12945,Retail
12947,Retail
12948,Retail
12949,Retail
12950,Retail
12951,Retail
12952,Retail
12953,Retail
12955,Retail
12956,Retail
12957,Retail
12962,Retail
12963,Retail
12965,Retail
12966,Retail
12967,Retail
12968,Retail
12970,Retail
12971,Retail
12974,Retail
12976,Retail
12977,Retail
12980,Retail
12981,Retail
12982,Retail
12984,Retail
12985,Retail
12987,Retail
12988,Retail
12989,Retail
12990,Retail
12991,Retail
12993,Retail
12994,Retail
12995,Retail
12997,Retail
12999,Retail
13000,Retail
13001,Wholesale
13002,Retail
13003,Retail
13004,Retail
13005,Retail
13006,Retail
13008,Retail
13011,Retail
13012,Retail
13013,Retail
13014,Retail
13015,Retail
13016,Retail
13017,Retail
13018,Retail
13021,Retail
13023,Retail
13026,Retail
13027,Wholesale
13028,Retail
13029,Retail
13030,Retail
13032,Retail
13033,Retail
13034,Retail
13035,Retail
13037,Retail
13038,Retail
13040,Retail
13043,Retail
13044,Retail
13045,Retail
13046,Retail
13047,Retail
13048,Retail
13049,Retail
13050,Retail
13052,Retail
13055,Retail
13058,Retail
13059,Retail
13060,Retail
13061,Retail
13062,Retail
13064,Retail
13065,Retail
13066,Retail
13067,Retail
13068,Retail
13069,Retail
13070,Retail
13072,Retail
13075,Retail
13077,Retail
13078,Retail
13079,Retail
13080,Retail
13081,Wholesale
13082,Wholesale
13083,Retail
13085,Retail
13089,Retail
13090,Retail
13091,Retail
13092,Retail
13093,Retail
13094,Retail
13095,Retail
13097,Retail
13098,Wholesale
13099,Retail
13101,Retail
13102,Retail
13103,Retail
13104,Retail
13106,Retail
13107,Retail
13108,Retail
13109,Retail
13110,Retail
13113,Retail
13115,Retail
13116,Retail
13117,Retail
13118,Retail
13120,Retail
13121,Retail
13122,Retail
13124,Wholesale
13126,Retail
13127,Retail
13130,Retail
13131,Retail
13132,Retail
13133,Retail
13134,Retail
13135,Wholesale
13136,Retail
13137,Retail
13138,Retail
13139,Retail
13140,Retail
13141,Retail
13142,Retail
13144,Retail
13145,Retail
13146,Retail
13147,Retail
13148,Retail
13149,Retail
13151,Retail
13153,Retail
13155,Retail
13157,Retail
13158,Retail
13159,Retail
13160,Retail
13161,Retail
13162,Retail
13165,Retail
13166,Retail
13167,Retail
13168,Retail
13169,Retail
13170,Retail
13171,Retail
13173,Retail
13174,Retail
13176,Retail
13177,Retail
13178,Retail
13182,Retail
13183,Retail
13184,Retail
13185,Retail
13186,Retail
13187,Retail
13188,Retail
13189,Retail
13192,Retail
13193,Retail
13194,Retail
13196,Retail
13198,Retail
13199,Retail
13200,Retail
13203,Retail
13207,Retail
13208,Retail
13209,Wholesale
13210,Retail
13211,Retail
13212,Retail
13213,Retail
13216,Retail
13217,Retail
13218,Retail
13220,Retail
13221,Retail
13223,Retail
13224,Retail
13225,Wholesale
13226,Retail
13227,Retail
13228,Retail
13229,Retail
13230,Retail
13232,Retail
13233,Retail
13235,Retail
13236,Retail
13238,Retail
13239,Retail
13240,Retail
13242,Retail
13243,Retail
13244,Retail
13245,Retail
13246,Retail
13247,Retail
13248,Retail
13249,Retail
13253,Retail
13255,Retail
13258,Retail
13259,Retail
13260,Retail
13261,Retail
13262,Retail
13263,Retail
13265,Retail
13266,Retail
13267,Retail
13268,Retail
13269,Retail
13270,Retail
13271,Retail
13272,Retail
13273,Retail
13276,Retail
13277,Retail
13278,Retail
13279,Retail
13280,Retail
13282,Retail
13283,Retail
13284,Retail
13285,Retail
13291,Retail
13292,Retail
13294,Retail
13295,Retail
13296,Retail
13297,Retail
13298,Retail
13299,Retail
13300,Retail
13301,Retail
13302,Retail
13304,Retail
13305,Retail
13307,Retail
13308,Retail
13309,Retail
13310,Retail
13311,Retail
13313,Retail
13314,Retail
13316,Wholesale
13317,Retail
13318,Retail
13319,Retail
13320,Retail
13321,Retail
13322,Retail
13323,Retail
13324,Wholesale
13325,Retail
13327,Retail
13328,Retail
13329,Retail
13330,Retail
13332,Retail
13334,Retail
13336,Retail
13338,Retail
13339,Retail
13340,Wholesale
13341,Retail
13343,Retail
13344,Retail
13345,Retail
13347,Retail
13348,Retail
13349,Retail
13350,Retail
13351,Retail
13352,Retail
13354,Retail
13355,Retail
13356,Retail
13357,Retail
13358,Retail
13359,Retail
13362,Retail
13363,Retail
13365,Retail
13366,Retail
13368,Retail
13369,Retail
13370,Retail
13372,Retail
13373,Retail
13375,Retail
13376,Retail
13379,Retail
13381,Retail
13382,Retail
13384,Retail
13385,Retail
13388,Retail
13389,Retail
13390,Retail
13391,Retail
13394,Retail
13395,Retail
13396,Retail
13397,Retail
13398,Retail
13402,Retail
13403,Retail
13404,Retail
13405,Retail
13408,Retail
13410,Retail
13411,Retail
13414,Retail
13416,Retail
13417,Retail
13418,Retail
13419,Retail
13420,Retail
13421,Retail
13422,Retail
13425,Retail
13426,Retail
13427,Retail
13428,Retail
13429,Retail
13430,Retail
13431,Retail
13434,Retail
13435,Retail
13436,Retail
13437,Retail
13439,Retail
13441,Retail
13447,Retail
13448,Retail
13449,Retail
13450,Retail
13451,Retail
13452,Retail
13453,Retail
13455,Retail
13456,Retail
13458,Retail
13460,Retail
13461,Retail
13462,Retail
13464,Retail
13466,Retail
13467,Retail
13468,Retail
13470,Retail
13471,Retail
13473,Retail
13474,Retail
13475,Retail
13476,Retail
13477,Retail
13479,Retail
13481,Retail
13482,Retail
13483,Retail
13484,Retail
13485,Retail
13486,Retail
13487,Retail
13488,Retail
13489,Retail
13491,Retail
13492,Retail
13493,Retail
13494,Retail
13495,Retail
13496,Retail
13497,Retail
13499,Retail
13500,Retail
13501,Retail
13502,Retail
13503,Retail
13504,Retail
13505,Retail
13506,Retail
13507,Retail
13508,Retail
13509,Retail
13510,Retail
13512,Retail
13513,Retail
13514,Retail
13515,Retail
13516,Retail
13517,Retail
13518,Retail
13519,Retail
13520,Retail
13521,Retail
13522,Retail
13523,Retail
13524,Retail
13525,Retail
13527,Retail
13529,Retail
13531,Retail
13532,Retail
13533,Retail
13534,Retail
13536,Retail
13538,Retail
13539,Retail
13544,Retail
13546,Retail
13548,Retail
13549,Retail
13551,Retail
13552,Retail
13555,Wholesale
13557,Retail
13558,Retail
13560,Retail
13561,Retail
13562,Retail
13563,Retail
13564,Retail
13565,Retail
13566,Retail
13568,Retail
13569,Retail
13570,Retail
13571,Retail
13572,Retail
13573,Retail
13575,Retail
13576,Retail
13577,Retail
13579,Retail
13581,Retail
13583,Retail
13584,Retail
13587,Retail
13588,Retail
13589,Retail
13590,Retail
13591,Retail
13592,Retail
13593,Retail
13594,Retail
13596,Retail
13598,Retail
13599,Retail
13600,Retail
13601,Retail
13602,Retail
13603,Retail
13606,Retail
13607,Retail
13610,Retail
13611,Retail
13614,Retail
13615,Retail
13617,Retail
13618,Retail
13621,Retail
13623,Retail
13626,Retail
13627,Retail
13629,Wholesale
13630,Retail
13631,Retail
13632,Retail
13634,Retail
13635,Retail
13636,Retail
13637,Retail
13638,Retail
13639,Retail
13642,Retail
13643,Retail
13644,Retail
13645,Retail
13647,Retail
13649,Retail
13650,Retail
13651,Retail
13652,Retail
13654,Retail
13655,Retail
13656,Retail
13657,Retail
13658,Retail
13659,Retail
13662,Retail
13663,Retail
13666,Retail
13667,Retail
13668,Retail
13669,Retail
13670,Retail
13673,Retail
13675,Retail
13678,Retail
13680,Retail
13681,Retail
13682,Retail
13684,Retail
13685,Wholesale
13686,Retail
13689,Retail
13690,Retail
13692,Retail
13694,Wholesale
13695,Retail
13697,Retail
13699,Retail
13700,Retail
13703,Retail
13704,Retail
13705,Retail
13706,Retail
13707,Retail
13708,Retail
13709,Retail
13710,Retail
13711,Retail
13712,Retail
13715,Retail
13716,Retail
13717,Retail
13718,Retail
13719,Retail
13720,Retail
13721,Retail
13722,Retail
13723,Retail
13725,Retail
13726,Retail
13727,Retail
13728,Retail
13730,Retail
13731,Retail
13732,Retail
13735,Retail
13736,Retail
13737,Retail
13739,Retail
13740,Retail
13741,Retail
13742,Retail
13743,Retail
13744,Retail
13745,Retail
13747,Retail
13748,Retail
13750,Retail
13751,Retail
13752,Retail
13753,Retail
13754,Retail
13755,Retail
13756,Retail
13758,Retail
13759,Retail
13760,Retail
13761,Retail
13763,Retail
13764,Retail
13767,Retail
13769,Retail
13771,Retail
13772,Retail
13774,Retail
13777,Retail
13778,Retail
13780,Retail
13781,Retail
13782,Retail
13784,Retail
13786,Retail
13787,Retail
13790,Retail
13791,Retail
13792,Retail
13798,Wholesale
13799,Retail
13800,Retail
13801,Retail
13802,Wholesale
13803,Retail
13804,Retail
13805,Retail
13806,Retail
13807,Retail
13808,Retail
13809,Retail
13810,Retail
13811,Retail
13812,Retail
13813,Retail
13814,Retail
13815,Wholesale
13816,Retail
13817,Retail
13819,Retail
13821,Retail
13822,Retail
13823,Retail
13824,Retail
13826,Retail
13827,Retail
13828,Retail
13831,Retail
13832,Retail
13833,Retail
13835,Retail
13837,Retail
13838,Retail
13841,Retail
13842,Retail
13844,Retail
13845,Retail
13846,Retail
13848,Wholesale
13849,Retail
13850,Retail
13851,Retail
13853,Retail
13854,Retail
13856,Retail
13858,Retail
13859,Retail
13860,Retail
13862,Retail
13863,Retail
13865,Retail
13866,Retail
13867,Retail
13868,Retail
13869,Retail
13870,Retail
13871,Retail
13873,Retail
13874,Retail
13875,Retail
13876,Retail
13877,Retail
13878,Retail
13880,Retail
13881,Wholesale
13882,Retail
13883,Retail
13884,Retail
13885,Retail
13886,Retail
13887,Retail
13888,Retail
13889,Retail
13890,Retail
13892,Retail
13893,Retail
13894,Retail
13895,Retail
13897,Retail
13898,Retail
13899,Retail
13900,Retail
13901,Retail
13904,Retail
13908,Retail
13911,Retail
13914,Retail
13917,Retail
13918,Retail
13919,Retail
13922,Retail
13923,Retail
13924,Retail
13925,Retail
13926,Retail
13927,Retail
13928,Retail
13929,Retail
13930,Retail
13931,Retail
13932,Retail
13933,Retail
13934,Retail
13936,Retail
13937,Retail
13938,Retail
13939,Retail
13940,Retail
13941,Retail
13946,Retail
13947,Retail
13948,Retail
13949,Wholesale
13950,Retail
13951,Retail
13952,Retail
13953,Wholesale
13954,Retail
13955,Retail
13956,Retail
13959,Retail
13960,Retail
13962,Retail
13963,Retail
13967,Retail
13969,Retail
13971,Retail
13972,Retail
13973,Retail
13974,Retail
13975,Retail
13976,Retail
13978,Retail
13979,Retail
13980,Retail
13982,Retail
13983,Retail
13984,Retail
13985,Retail
13986,Retail
13988,Retail
13989,Retail
13990,Retail
13991,Retail
13992,Retail
13993,Retail
13994,Retail
13995,Retail
13999,Retail
14000,Retail
14001,Retail
14002,Retail
14004,Wholesale
14005,Wholesale
14006,Retail
14009,Retail
14012,Retail
14013,Retail
14014,Retail
14015,Retail
14016,Wholesale
14019,Retail
14020,Retail
14021,Retail
14022,Retail
14023,Retail
14024,Retail
14027,Retail
14029,Retail
14030,Retail
14031,Retail
14032,Retail
14034,Retail
14035,Retail
14036,Retail
14037,Retail
14038,Retail
14039,Retail
14040,Retail
14041,Retail
14044,Retail
14045,Retail
14046,Retail
14047,Retail
14048,Retail
14049,Wholesale
14050,Retail
14051,Retail
14052,Retail
14053,Retail
14054,Retail
14055,Retail
14056,Retail
14057,Retail
14059,Retail
14060,Retail
14062,Wholesale
14064,Retail
14066,Retail
14067,Retail
14068,Retail
14071,Retail
14073,Retail
14075,Retail
14076,Retail
14077,Retail
14078,Retail
14079,Retail
14080,Retail
14081,Retail
14082,Retail
14083,Retail
14085,Retail
14087,Retail
14088,Wholesale
14089,Retail
14090,Retail
14092,Retail
14093,Retail
14096,Wholesale
14098,Retail
14099,Retail
14100,Retail
14101,Wholesale
14102,Retail
14104,Retail
14105,Retail
14107,Retail
14108,Retail
14109,Retail
14110,Retail
14111,Retail
14112,Retail
14113,Retail
14114,Retail
14116,Retail
14117,Retail
14121,Retail
14124,Retail
14125,Retail
14126,Retail
14127,Retail
14128,Retail
14129,Retail
14130,Retail
14132,Retail
14133,Retail
14135,Retail
14138,Retail
14139,Retail
14140,Retail
14141,Retail
14142,Retail
14143,Retail
14145,Retail
14146,Retail
14147,Retail
14148,Retail
14149,Retail
14150,Retail
14152,Retail
14154,Retail
14155,Retail
14156,Wholesale
14157,Retail
14158,Retail
14159,Retail
14161,Retail
14162,Retail
14163,Retail
14164,Retail
14165,Retail
14167,Retail
14171,Retail
14173,Retail
14174,Retail
14175,Retail
14176,Retail
14177,Retail
14178,Retail
14179,Retail
14180,Retail
14184,Retail
14185,Retail
14188,Retail
14189,Retail
14191,Retail
14193,Retail
14194,Retail
14195,Retail
14196,Retail
14198,Retail
14199,Retail
14201,Retail
14204,Retail
14205,Retail
14206,Retail
14208,Retail
14209,Retail
14210,Retail
14211,Retail
14212,Retail
14214,Retail
14215,Retail
14216,Retail
14217,Retail
14218,Retail
14219,Retail
14220,Retail
14221,Retail
14222,Retail
14223,Retail
14224,Retail
14226,Retail
14227,Retail
14229,Retail
14231,Retail
14232,Retail
14233,Retail
14234,Retail
14235,Retail
14236,Retail
14237,Retail
14238,Retail
14239,Retail
14240,Retail
14241,Retail
14242,Retail
14243,Retail
14245,Retail
14246,Retail
14247,Retail
14248,Retail
14250,Retail
14251,Retail
14256,Retail
14257,Retail
14258,Wholesale
14259,Retail
14261,Retail
14262,Retail
14264,Retail
14265,Retail
14267,Retail
14270,Retail
14271,Retail
14272,Retail
14273,Retail
14276,Retail
14277,Retail
14280,Retail
14282,Retail
14284,Retail
14285,Retail
14286,Wholesale
14287,Retail
14288,Retail
14289,Retail
14290,Retail
14291,Retail
14292,Retail
14293,Retail
14295,Retail
14297,Retail
14298,Wholesale
14299,Retail
14300,Retail
14301,Retail
14304,Retail
14305,Retail
14306,Retail
14307,Retail
14309,Retail
14311,Retail
14312,Retail
14314,Retail
14315,Retail
14317,Retail
14320,Retail
14321,Wholesale
14323,Retail
14326,Retail
14327,Retail
14329,Retail
14331,Retail
14332,Retail
14333,Retail
14334,Retail
14335,Retail
14336,Retail
14338,Retail
14339,Retail
14340,Retail
14341,Retail
14342,Retail
14344,Retail
14345,Retail
14346,Retail
14348,Retail
14349,Retail
14350,Retail
14351,Retail
14352,Retail
14353,Retail
14354,Retail
14355,Retail
14356,Retail
14357,Retail
14359,Retail
14360,Retail
14362,Retail
14364,Retail
14367,Retail
14368,Retail
14371,Retail
14373,Retail
14375,Retail
14377,Retail
14379,Retail
14381,Retail
14382,Retail
14383,Retail
14385,Retail
14386,Retail
14387,Retail
14388,Retail
14389,Retail
14390,Retail
14393,Retail
14395,Retail
14396,Retail
14397,Retail
14400,Retail
14401,Retail
14403,Retail
14404,Retail
14406,Retail
14407,Retail
14408,Retail
14409,Retail
14410,Retail
14411,Retail
14412,Retail
14413,Retail
14414,Retail
14415,Retail
14416,Retail
14418,Retail
14419,Retail
14420,Retail
14421,Retail
14422,Wholesale
14423,Retail
14424,Retail
14426,Retail
14427,Retail
14428,Retail
14431,Retail
14432,Retail
14434,Retail
14436,Retail
14438,Retail
14439,Retail
14440,Retail
14441,Retail
14442,Retail
14443,Retail
14446,Retail
14447,Retail
14448,Retail
14449,Retail
14450,Retail
14451,Retail
14452,Retail
14453,Retail
14456,Retail
14457,Retail
14459,Retail
14460,Retail
14461,Retail
14462,Retail
14463,Retail
14465,Retail
14466,Retail
14467,Retail
14470,Retail
14472,Retail
14473,Retail
14474,Retail
14475,Retail
14476,Retail
14477,Retail
14479,Retail
14480,Retail
14481,Retail
14482,Retail
14483,Retail
14484,Retail
14485,Retail
14487,Retail
14488,Retail
14489,Retail
14491,Retail
14493,Retail
14494,Retail
14495,Retail
14496,Retail
14497,Retail
14498,Retail
14499,Retail
14500,Retail
14501,Retail
14502,Retail
14503,Retail
14504,Retail
14505,Retail
14506,Retail
14507,Retail
14508,Retail
14511,Retail
14512,Retail
14513,Retail
14514,Retail
14515,Retail
14517,Retail
14518,Retail
14520,Retail
14522,Retail
14523,Retail
14524,Retail
14525,Retail
14527,Retail
14528,Retail
14529,Retail
14530,Retail
14532,Retail
14533,Retail
14534,Retail
14535,Retail
14536,Retail
14537,Retail
14538,Retail
14539,Retail
14540,Retail
14541,Retail
14542,Retail
14543,Retail
14544,Retail
14546,Retail
14547,Retail
14548,Retail
14549,Retail
14550,Retail
14551,Retail
14552,Retail
14553,Retail
14554,Retail
14555,Retail
14560,Retail
14561,Retail
14562,Retail
14565,Retail
14566,Retail
14567,Retail
14569,Retail
14570,Retail
14572,Retail
14573,Retail
14576,Retail
14577,Retail
14578,Retail
14581,Retail
14582,Retail
14583,Retail
14584,Retail
14585,Retail
14586,Retail
14587,Retail
14589,Retail
14591,Retail
14592,Retail
14593,Retail
14594,Retail
14595,Retail
14597,Retail
14598,Retail
14600,Retail
14601,Retail
14603,Retail
14606,Retail
14607,Wholesale
14608,Retail
14609,Wholesale
14616,Retail
14618,Retail
14619,Retail
14620,Retail
14621,Retail
14622,Retail
14623,Retail
14624,Retail
14625,Retail
14626,Retail
14628,Retail
14629,Retail
14631,Retail
14632,Retail
14633,Retail
14636,Retail
14638,Retail
14639,Retail
14640,Retail
14641,Retail
14642,Retail
14643,Retail
14644,Retail
14645,Retail
14646,Wholesale
14647,Retail
14649,Retail
14651,Retail
14652,Retail
14653,Retail
14655,Retail
14656,Retail
14657,Retail
14658,Retail
14659,Retail
14660,Retail
14661,Retail
14662,Retail
14664,Retail
14665,Retail
14666,Retail
14667,Retail
14669,Retail
14670,Retail
14672,Retail
14673,Retail
14675,Retail
14676,Retail
14680,Wholesale
14681,Retail
14682,Retail
14684,Retail
14687,Retail
14688,Retail
14689,Retail
14690,Retail
14691,Retail
14692,Retail
14693,Retail
14696,Retail
14697,Retail
14698,Retail
14699,Retail
14700,Retail
14701,Retail
14702,Retail
14703,Retail
14704,Retail
14705,Retail
14708,Retail
14709,Retail
14710,Retail
14711,Retail
14712,Retail
14713,Retail
14714,Retail
14715,Retail
14716,Retail
14719,Retail
14720,Retail
14722,Retail
14723,Retail
14725,Retail
14727,Retail
14729,Retail
14730,Retail
14731,Retail
14732,Retail
14733,Retail
14735,Retail
14737,Retail
14738,Retail
14739,Wholesale
14740,Retail
14741,Retail
14744,Retail
14745,Retail
14747,Retail
14748,Retail
14752,Retail
14753,Retail
14754,Retail
14755,Retail
14756,Retail
14757,Retail
14758,Retail
14759,Retail
14760,Retail
14761,Retail
14762,Retail
14764,Retail
14765,Retail
14766,Retail
14768,Retail
14769,Wholesale
14770,Retail
14772,Retail
14775,Retail
14776,Retail
14778,Retail
14779,Retail
14780,Retail
14782,Retail
14784,Retail
14785,Retail
14788,Retail
14789,Retail
14790,Retail
14793,Retail
14794,Retail
14795,Retail
14796,Retail
14798,Retail
14799,Retail
14800,Retail
14801,Retail
14803,Retail
14804,Retail
14805,Retail
14806,Retail
14808,Retail
14810,Retail
14813,Retail
14815,Retail
14816,Retail
14817,Retail
14818,Retail
14819,Retail
14820,Retail
14821,Retail
14823,Retail
14824,Retail
14825,Retail
14828,Wholesale
14829,Retail
14830,Retail
14834,Retail
14836,Retail
14837,Retail
14840,Retail
14841,Retail
14842,Retail
14844,Retail
14847,Retail
14849,Retail
14850,Retail
14851,Retail
14852,Retail
14853,Retail
14854,Retail
14855,Retail
14856,Retail
14857,Retail
14859,Retail
14860,Retail
14861,Retail
14862,Retail
14863,Retail
14865,Retail
14866,Wholesale
14867,Retail
14868,Retail
14869,Retail
14870,Retail
14871,Retail
14873,Retail
14875,Retail
14878,Retail
14880,Retail
14881,Retail
14882,Retail
14883,Retail
14885,Retail
14886,Retail
14887,Retail
14888,Retail
14889,Retail
14890,Retail
14891,Retail
14893,Retail
14894,Retail
14895,Retail
14896,Retail
14897,Retail
14898,Retail
14901,Retail
14902,Retail
14903,Retail
14904,Retail
14905,Retail
14907,Retail
14908,Retail
14910,Retail
14911,Retail
14912,Retail
14913,Retail
14915,Retail
14916,Retail
14918,Retail
14920,Retail
14921,Retail
14923,Retail
14924,Retail
14929,Retail
14930,Retail
14931,Retail
14932,Retail
14934,Retail
14935,Retail
14936,Wholesale
14937,Retail
14944,Retail
14946,Retail
14947,Retail
14948,Retail
14950,Retail
14951,Retail
14952,Retail
14953,Retail
14954,Retail
14957,Retail
14958,Retail
14959,Retail
14960,Retail
14961,Retail
14962,Retail
14963,Retail
14964,Retail
14965,Retail
14966,Retail
14967,Retail
14968,Retail
14970,Retail
14971,Retail
14972,Retail
14973,Retail
14974,Retail
14975,Retail
14976,Retail
14978,Retail
14981,Retail
14984,Retail
14985,Retail
14987,Retail
14988,Retail
14995,Retail
14997,Retail
14998,Retail
15000,Retail
15002,Retail
15004,Retail
15005,Retail
15006,Retail
15007,Retail
15009,Retail
15010,Retail
15012,Retail
15014,Retail
15016,Retail
15017,Retail
15018,Retail
15019,Retail
15021,Retail
15022,Retail
15023,Retail
15024,Retail
15025,Retail
15026,Retail
15027,Retail
15028,Retail
15030,Retail
15031,Retail
15032,Wholesale
15033,Retail
15034,Retail
15035,Retail
15036,Retail
15038,Retail
15039,Retail
15041,Retail
15042,Retail
15043,Retail
15044,Retail
15045,Retail
15046,Retail
15047,Retail
15048,Retail
15049,Retail
15050,Retail
15051,Retail
15052,Retail
15053,Retail
15054,Retail
15057,Retail
15058,Retail
15059,Retail
15060,Retail
15061,Wholesale
15062,Retail
15063,Retail
15065,Retail
15066,Retail
15067,Retail
15068,Retail
15069,Retail
15070,Retail
15071,Retail
15073,Retail
15074,Retail
15075,Retail
15076,Retail
15078,Retail
15079,Retail
15081,Retail
15083,Retail
15087,Retail
15088,Retail
15089,Retail
15090,Retail
15091,Retail
15092,Retail
15093,Wholesale
15095,Retail
15096,Retail
15097,Retail
15098,Retail
15099,Retail
15100,Retail
15101,Retail
15103,Retail
15104,Retail
15105,Retail
15106,Retail
15107,Retail
15108,Retail
15109,Retail
15110,Retail
15111,Retail
15113,Wholesale
15114,Retail
15115,Retail
15116,Retail
15117,Retail
15118,Retail
15119,Retail
15120,Retail
15121,Retail
15122,Retail
15123,Retail
15124,Retail
15125,Retail
15127,Retail
15128,Retail
15129,Retail
15130,Retail
15132,Retail
15133,Retail
15134,Retail
15135,Retail
15136,Retail
15139,Retail
15140,Retail
15142,Retail
15143,Retail
15144,Retail
15145,Retail
15146,Retail
15147,Retail
15148,Retail
15149,Retail
15150,Retail
15152,Retail
15153,Retail
15154,Retail
15156,Retail
15157,Wholesale
15158,Retail
15159,Retail
15160,Retail
15163,Retail
15164,Retail
15165,Retail
15167,Retail
15168,Retail
15171,Retail
15172,Retail
15174,Retail
15175,Retail
15178,Retail
15179,Retail
15180,Retail
15181,Retail
15182,Retail
15184,Retail
15185,Retail
15186,Retail
15187,Retail
15189,Retail
15192,Retail
15193,Retail
15194,Retail
15195,Retail
15197,Retail
15198,Retail
15199,Retail
15201,Retail
15203,Retail
15204,Retail
15205,Retail
15206,Retail
15208,Retail
15210,Retail
15211,Retail
15212,Retail
15213,Retail
15214,Retail
15215,Retail
15216,Retail
15218,Retail
15219,Retail
15220,Retail
15221,Retail
15222,Retail
15223,Retail
15224,Retail
15225,Retail
15226,Retail
15227,Retail
15228,Wholesale
15230,Retail
15232,Retail
15234,Retail
15235,Retail
15236,Retail
15237,Retail
15238,Retail
15239,Retail
15240,Retail
15241,Retail
15243,Retail
15244,Retail
15245,Retail
15246,Retail
15247,Retail
15249,Retail
15251,Wholesale
15252,Retail
15253,Retail
15254,Retail
15255,Retail
15256,Retail
15257,Retail
15258,Retail
15260,Retail
15261,Retail
15262,Retail
15263,Retail
15264,Retail
15265,Retail
15266,Retail
15267,Retail
15269,Retail
15270,Retail
15271,Retail
15272,Retail
15274,Retail
15275,Retail
15276,Retail
15277,Retail
15279,Retail
15280,Retail
15281,Retail
15286,Retail
15287,Retail
15288,Retail
15289,Retail
15290,Retail
15291,Retail
15292,Retail
15296,Retail
15297,Retail
15298,Retail
15299,Retail
15300,Retail
15301,Retail
15303,Retail
15304,Retail
15306,Retail
15307,Retail
15308,Retail
15311,Retail
15312,Retail
15313,Retail
15314,Retail
15315,Retail
15316,Retail
15318,Retail
15319,Retail
15320,Retail
15321,Retail
15322,Retail
15325,Retail
15326,Retail
15327,Retail
15329,Retail
15330,Retail
15332,Retail
15333,Retail
15334,Retail
15335,Retail
15339,Retail
15341,Retail
15342,Retail
15343,Retail
15344,Retail
15345,Retail
15346,Retail
15347,Retail
15348,Retail
15349,Retail
15350,Retail
15351,Retail
15353,Retail
15355,Retail
15356,Retail
15358,Retail
15360,Retail
15361,Retail
15363,Retail
15364,Retail
15365,Retail
15366,Retail
15367,Retail
15368,Retail
15370,Retail
15372,Wholesale
15373,Retail
15374,Retail
15376,Retail
15379,Retail
15380,Retail
15381,Retail
15382,Wholesale
15384,Retail
15385,Retail
15386,Retail
15388,Retail
15389,Retail
15392,Retail
15393,Retail
15394,Retail
15395,Retail
15396,Retail
15397,Retail
15398,Retail
15399,Retail
15400,Retail
15402,Retail
15405,Retail
15406,Retail
15407,Retail
15408,Retail
15410,Retail
15411,Retail
15412,Retail
15414,Retail
15415,Retail
15416,Wholesale
15417,Retail
15419,Retail
15421,Retail
15422,Retail
15423,Retail
15424,Retail
15426,Retail
15427,Retail
15428,Retail
15429,Retail
15432,Retail
15433,Retail
15434,Retail
15435,Retail
15436,Retail
15437,Retail
15438,Retail
15440,Retail
15442,Retail
15443,Retail
15444,Retail
15445,Retail
15447,Retail
15448,Retail
15449,Retail
15450,Retail
15452,Retail
15453,Retail
15454,Retail
15456,Retail
15457,Retail
15458,Retail
15460,Retail
15462,Retail
15463,Retail
15464,Retail
15465,Retail
15466,Retail
15467,Retail
15468,Retail
15469,Retail
15471,Retail
15472,Retail
15473,Retail
15475,Retail
15478,Retail
15480,Retail
15482,Retail
15483,Retail
15484,Wholesale
15485,Retail
15488,Retail
15489,Retail
15491,Retail
15492,Retail
15493,Retail
15494,Retail
15497,Retail
15498,Retail
15500,Retail
15502,Retail
15503,Retail
15504,Retail
15505,Retail
15506,Retail
15507,Retail
15508,Retail
15510,Retail
15511,Retail
15512,Retail
15513,Retail
15514,Retail
15516,Retail
15517,Retail
15518,Retail
15520,Retail
15521,Retail
15522,Retail
15523,Retail
15524,Retail
15525,Retail
15526,Retail
15527,Retail
15528,Retail
15529,Retail
15530,Retail
15531,Retail
15532,Retail
15533,Retail
15535,Retail
15537,Retail
15539,Retail
15540,Retail
15541,Retail
15543,Retail
15544,Retail
15545,Retail
15547,Retail
15549,Retail
15550,Retail
15551,Retail
15552,Retail
15553,Retail
15554,Retail
15555,Retail
15556,Retail
15557,Retail
15561,Retail
15562,Retail
15563,Retail
15565,Retail
15567,Retail
15568,Retail
15569,Retail
15570,Retail
15571,Retail
15572,Retail
15573,Retail
15574,Retail
15576,Retail
15577,Retail
15578,Retail
15579,Retail
15581,Retail
15582,Retail
15584,Retail
15585,Retail
15587,Retail
15589,Retail
15592,Retail
15593,Retail
15594,Retail
15596,Retail
15597,Retail
15598,Retail
15599,Retail
15601,Retail
15602,Retail
15603,Retail
15604,Retail
15605,Retail
15606,Retail
15607,Retail
15608,Retail
15609,Retail
15610,Retail
15611,Retail
15612,Retail
15615,Retail
15618,Retail
15619,Retail
15620,Retail
15621,Retail
15622,Retail
15623,Retail
15624,Retail
15625,Retail
15626,Retail
15628,Retail
15630,Retail
15632,Retail
15634,Retail
15636,Retail
15637,Retail
15639,Retail
15640,Wholesale
15641,Retail
15643,Retail
15644,Retail
15645,Retail
15646,Retail
15648,Retail
15649,Retail
15651,Retail
15652,Retail
15653,Retail
15654,Retail
15655,Retail
15656,Retail
15657,Retail
15658,Retail
15659,Retail
15660,Retail
15661,Retail
15663,Retail
15664,Retail
15665,Retail
15667,Retail
15668,Retail
15669,Retail
15670,Retail
15671,Retail
15673,Retail
15674,Retail
15675,Retail
15676,Wholesale
15677,Retail
15678,Retail
15679,Retail
15680,Retail
15681,Retail
15683,Retail
15687,Retail
15689,Retail
15690,Retail
15691,Retail
15692,Retail
15694,Retail
15695,Retail
15696,Retail
15699,Retail
15700,Retail
15701,Retail
15703,Retail
15704,Retail
15705,Retail
15706,Retail
15707,Retail
15708,Retail
15709,Retail
15712,Retail
15713,Retail
15714,Retail
15716,Retail
15717,Retail
15719,Retail
15720,Retail
15721,Retail
15722,Retail
15723,Retail
15724,Retail
15725,Retail
15727,Wholesale
15729,Retail
15730,Retail
15732,Retail
15733,Retail
15734,Retail
15737,Retail
15738,Retail
15739,Retail
15740,Retail
15743,Retail
15744,Retail
15745,Retail
15746,Retail
15747,Retail
15748,Retail
15749,Wholesale
15750,Retail
15752,Retail
15753,Retail
15754,Retail
15755,Retail
15756,Retail
15757,Retail
15758,Retail
15759,Retail
15762,Retail
15763,Retail
15764,Retail
15766,Retail
15768,Retail
15769,Wholesale
15773,Retail
15774,Retail
15775,Retail
15776,Retail
15777,Retail
15780,Retail
15781,Retail
15782,Retail
15783,Retail
15785,Retail
15786,Wholesale
15787,Retail
15789,Retail
15790,Retail
15791,Retail
15793,Retail
15795,Retail
15796,Retail
15797,Retail
15799,Retail
15800,Retail
15801,Retail
15803,Retail
15804,Retail
15805,Retail
15806,Retail
15807,Retail
15808,Retail
15809,Retail
15810,Retail
15811,Retail
15812,Retail
15813,Retail
15814,Retail
15815,Retail
15819,Retail
15820,Retail
15821,Retail
15822,Retail
15825,Retail
15826,Retail
15827,Retail
15829,Retail
15830,Retail
15831,Retail
15832,Retail
15834,Retail
15835,Retail
15836,Retail
15837,Retail
15838,Wholesale
15839,Retail
15840,Retail
15841,Retail
15843,Retail
15844,Retail
15845,Retail
15847,Retail
15850,Retail
15852,Retail
15853,Retail
15854,Retail
15855,Retail
15856,Retail
15857,Retail
15858,Retail
15860,Retail
15861,Retail
15862,Retail
15863,Retail
15864,Retail
15865,Retail
15866,Retail
15867,Retail
15869,Retail
15870,Retail
15872,Retail
15874,Retail
15877,Retail
15880,Retail
15881,Retail
15882,Retail
15883,Retail
15885,Retail
15886,Retail
15888,Retail
15889,Retail
15891,Retail
15894,Retail
15895,Retail
15897,Retail
15898,Retail
15899,Retail
15900,Retail
15901,Retail
15903,Retail
15904,Retail
15906,Retail
15907,Retail
15909,Retail
15910,Retail
15912,Retail
15916,Retail
15917,Retail
15918,Retail
15919,Retail
15920,Retail
15921,Retail
15922,Retail
15923,Retail
15925,Retail
15930,Retail
15932,Retail
15933,Retail
15935,Retail
15937,Retail
15938,Retail
15939,Retail
15940,Retail
15942,Retail
15944,Retail
15945,Retail
15947,Retail
15948,Retail
15949,Retail
15950,Retail
15951,Retail
15952,Retail
15953,Retail
15955,Retail
15957,Retail
15958,Retail
15963,Retail
15965,Retail
15967,Retail
15969,Retail
15970,Retail
15971,Retail
15973,Retail
15974,Retail
15975,Retail
15976,Retail
15977,Retail
15978,Retail
15980,Retail
15981,Retail
15983,Retail
15984,Retail
15985,Retail
15986,Retail
15987,Retail
15988,Retail
15990,Retail
15992,Retail
15993,Retail
15994,Retail
15996,Retail
15998,Retail
16000,Wholesale
16003,Retail
16005,Retail
16006,Retail
16007,Retail
16008,Retail
16009,Retail
16010,Retail
16011,Retail
16012,Retail
16013,Retail
16014,Retail
16015,Retail
16016,Retail
16017,Retail
16018,Retail
16019,Retail
16020,Retail
16022,Retail
16023,Retail
16024,Retail
16025,Retail
16026,Retail
16027,Retail
16029,Wholesale
16030,Retail
16031,Retail
16033,Retail
16034,Retail
16036,Retail
16037,Retail
16038,Retail
16040,Retail
16041,Retail
16042,Retail
16043,Retail
16045,Retail
16048,Retail
16049,Retail
16050,Retail
16052,Retail
16053,Retail
16054,Retail
16055,Retail
16056,Retail
16057,Retail
16059,Retail
16062,Retail
16063,Retail
16065,Retail
16066,Retail
16070,Retail
16071,Retail
16072,Retail
16073,Retail
16076,Retail
16078,Retail
16079,Retail
16080,Retail
16081,Retail
16083,Retail
16084,Retail
16085,Retail
16086,Retail
16091,Retail
16092,Retail
16093,Retail
16094,Retail
16096,Retail
16097,Retail
16098,Retail
16099,Retail
16101,Retail
16102,Retail
16103,Retail
16104,Retail
16105,Retail
16106,Retail
16107,Retail
16108,Retail
16109,Retail
16110,Retail
16112,Retail
16113,Retail
16114,Retail
16115,Retail
16116,Retail
16117,Retail
16119,Retail
16120,Retail
16121,Retail
16122,Retail
16123,Retail
16124,Retail
16125,Retail
16126,Wholesale
16127,Retail
16128,Retail
16131,Retail
16133,Retail
16134,Retail
16135,Retail
16136,Retail
16139,Retail
16140,Retail
16141,Retail
16142,Retail
16143,Retail
16144,Retail
16145,Retail
16146,Retail
16147,Retail
16148,Retail
16149,Retail
16150,Retail
16152,Retail
16153,Retail
16156,Retail
16157,Retail
16159,Retail
16160,Retail
16161,Retail
16162,Retail
16163,Retail
16164,Retail
16168,Retail
16169,Retail
16170,Retail
16171,Retail
16172,Retail
16173,Retail
16174,Retail
16175,Retail
16177,Retail
16178,Retail
16179,Retail
16180,Wholesale
16181,Retail
16182,Wholesale
16183,Retail
16184,Retail
16185,Retail
16186,Retail
16187,Retail
16188,Retail
16189,Retail
16190,Retail
16191,Retail
16193,Retail
16198,Retail
16200,Retail
16201,Retail
16202,Retail
16203,Retail
16204,Retail
16205,Retail
16206,Retail
16207,Retail
16208,Retail
16209,Retail
16210,Wholesale
16211,Retail
16212,Retail
16213,Retail
16214,Retail
16215,Retail
16216,Retail
16217,Retail
16218,Retail
16221,Retail
16222,Retail
16224,Retail
16225,Retail
16226,Retail
16227,Retail
16229,Retail
16230,Retail
16232,Retail
16233,Retail
16235,Retail
16236,Retail
16239,Retail
16240,Retail
16241,Retail
16242,Retail
16243,Retail
16244,Retail
16245,Retail
16247,Retail
16248,Retail
16249,Retail
16250,Retail
16253,Wholesale
16255,Retail
16256,Retail
16257,Retail
16258,Wholesale
16260,Retail
16261,Retail
16265,Retail
16266,Retail
16268,Retail
16270,Retail
16271,Retail
16272,Retail
16274,Retail
16275,Retail
16276,Retail
16278,Retail
16279,Retail
16281,Retail
16282,Retail
16283,Retail
16284,Retail
16287,Retail
16292,Retail
16293,Retail
16295,Retail
16297,Retail
16298,Retail
16302,Retail
16303,Wholesale
16305,Retail
16306,Retail
16308,Wholesale
16309,Retail
16311,Retail
16313,Retail
16315,Retail
16316,Retail
16317,Retail
16318,Retail
16319,Retail
16320,Retail
16321,Retail
16322,Retail
16323,Retail
16324,Retail
16325,Retail
16326,Retail
16327,Wholesale
16330,Retail
16332,Retail
16333,Wholesale
16337,Retail
16338,Retail
16339,Retail
16340,Retail
16341,Retail
16342,Retail
16343,Retail
16344,Retail
16345,Retail
16347,Retail
16348,Retail
16349,Retail
16350,Retail
16351,Retail
16352,Retail
16353,Retail
16354,Retail
16356,Retail
16357,Retail
16358,Retail
16359,Retail
16360,Retail
16361,Retail
16362,Retail
16363,Retail
16364,Retail
16365,Retail
16366,Retail
16367,Retail
16368,Retail
16369,Retail
16370,Retail
16372,Retail
16374,Retail
16376,Retail
16377,Retail
16378,Retail
16379,Retail
16380,Retail
16383,Retail
16384,Retail
16385,Retail
16386,Retail
16387,Retail
16389,Retail
16392,Retail
16393,Retail
16394,Retail
16395,Retail
16398,Retail
16399,Retail
16400,Retail
16401,Retail
16402,Retail
16403,Retail
16404,Retail
16405,Retail
16406,Retail
16407,Retail
16409,Retail
16411,Retail
16412,Retail
16413,Retail
16414,Retail
16415,Retail
16416,Retail
16418,Retail
16419,Retail
16422,Wholesale
16423,Retail
16424,Retail
16425,Retail
16426,Retail
16427,Retail
16429,Retail
16430,Retail
16431,Retail
16432,Retail
16433,Retail
16434,Retail
16438,Retail
16440,Retail
16441,Retail
16442,Retail
16444,Retail
16445,Retail
16446,Retail
16447,Retail
16448,Retail
16449,Retail
16450,Retail
16451,Retail
16455,Retail
16456,Retail
16457,Retail
16458,Retail
16460,Retail
16461,Retail
16462,Retail
16463,Retail
16464,Retail
16466,Retail
16468,Retail
16469,Retail
16470,Retail
16471,Retail
16473,Retail
16474,Retail
16475,Retail
16477,Retail
16478,Retail
16479,Retail
16480,Retail
16482,Retail
16483,Retail
16484,Retail
16485,Retail
16488,Retail
16491,Retail
16493,Retail
16494,Retail
16495,Retail
16496,Retail
16497,Retail
16498,Retail
16499,Retail
16500,Retail
16503,Retail
16504,Retail
16505,Retail
16506,Retail
16509,Retail
16510,Retail
16511,Retail
16513,Retail
16515,Retail
16516,Retail
16517,Retail
16518,Retail
16519,Retail
16520,Retail
16523,Retail
16525,Retail
16526,Retail
16527,Retail
16528,Retail
16529,Retail
16531,Retail
16532,Retail
16533,Retail
16535,Retail
16536,Retail
16539,Retail
16542,Retail
16545,Retail
16549,Retail
16550,Retail
16551,Retail
16552,Retail
16553,Retail
16554,Retail
16555,Retail
16556,Retail
16557,Retail
16558,Retail
16560,Retail
16561,Retail
16563,Retail
16565,Retail
16566,Retail
16567,Retail
16569,Retail
16570,Retail
16571,Retail
16572,Retail
16573,Retail
16574,Retail
16581,Retail
16582,Retail
16583,Retail
16584,Retail
16586,Retail
16587,Retail
16589,Retail
16591,Retail
16592,Retail
16593,Retail
16594,Retail
16595,Retail
16596,Retail
16597,Retail
16598,Retail
16600,Retail
16601,Retail
16602,Retail
16603,Retail
16607,Retail
16609,Retail
16610,Retail
16611,Retail
16612,Retail
16613,Retail
16614,Retail
16616,Retail
16617,Retail
16618,Retail
16619,Retail
16620,Retail
16621,Retail
16623,Retail
16624,Retail
16625,Retail
16626,Retail
16627,Retail
16628,Retail
16629,Retail
16633,Retail
16634,Retail
16637,Retail
16638,Retail
16639,Retail
16641,Retail
16642,Retail
16643,Retail
16644,Retail
16647,Retail
16648,Retail
16650,Retail
16652,Retail
16653,Retail
16654,Retail
16655,Wholesale
16656,Wholesale
16657,Retail
16658,Retail
16659,Retail
16660,Retail
16665,Retail
16666,Retail
16667,Retail
16668,Retail
16669,Retail
16670,Retail
16671,Retail
16672,Retail
16674,Retail
16676,Retail
16678,Retail
16679,Retail
16680,Retail
16681,Retail
16682,Retail
16684,Wholesale
16685,Retail
16686,Retail
16688,Retail
16689,Retail
16690,Retail
16692,Retail
16693,Retail
16696,Retail
16697,Retail
16698,Retail
16700,Retail
16701,Retail
16705,Retail
16706,Retail
16708,Retail
16709,Retail
16710,Retail
16711,Retail
16712,Retail
16713,Retail
16714,Retail
16715,Retail
16716,Retail
16717,Retail
16718,Retail
16719,Retail
16720,Retail
16721,Retail
16722,Retail
16723,Retail
16725,Retail
16726,Retail
16727,Retail
16728,Retail
16729,Retail
16730,Retail
16732,Retail
16734,Retail
16735,Retail
16737,Retail
16738,Retail
16739,Retail
16743,Retail
16744,Retail
16745,Wholesale
16746,Retail
16747,Retail
16748,Retail
16750,Retail
16751,Retail
16752,Retail
16753,Retail
16754,Wholesale
16755,Retail
16756,Retail
16757,Retail
16758,Retail
16759,Retail
16761,Retail
16762,Retail
16763,Retail
16764,Retail
16765,Retail
16766,Retail
16767,Wholesale
16768,Retail
16769,Retail
16770,Retail
16771,Retail
16773,Retail
16774,Retail
16775,Retail
16776,Retail
16777,Retail
16778,Retail
16779,Retail
16780,Retail
16781,Retail
16782,Retail
16784,Retail
16788,Retail
16789,Retail
16790,Retail
16791,Retail
16792,Retail
16793,Retail
16794,Retail
16795,Retail
16796,Retail
16800,Retail
16801,Retail
16803,Retail
16804,Retail
16805,Retail
16806,Retail
16807,Retail
16808,Retail
16809,Retail
16810,Retail
16811,Retail
16812,Retail
16813,Retail
16814,Retail
16816,Retail
16817,Retail
16818,Retail
16820,Retail
16823,Retail
16824,Retail
16825,Retail
16826,Retail
16828,Retail
16829,Retail
16830,Retail
16832,Retail
16833,Retail
16834,Retail
16835,Retail
16836,Retail
16837,Retail
16838,Retail
16839,Retail
16841,Retail
16842,Retail
16843,Wholesale
16846,Retail
16847,Retail
16848,Retail
16849,Retail
16850,Retail
16851,Retail
16852,Retail
16855,Retail
16856,Retail
16858,Retail
16859,Retail
16861,Retail
16863,Retail
16866,Retail
16869,Retail
16871,Retail
16872,Retail
16873,Wholesale
16875,Retail
16877,Retail
16880,Retail
16881,Retail
16882,Retail
16883,Retail
16884,Retail
16885,Retail
16887,Retail
16889,Retail
16891,Retail
16892,Retail
16893,Retail
16895,Retail
16897,Retail
16898,Retail
16899,Retail
16900,Retail
16902,Retail
16903,Retail
16904,Retail
16905,Retail
16906,Retail
16907,Retail
16909,Retail
16910,Retail
16912,Retail
16913,Retail
16914,Retail
16915,Retail
16916,Retail
16917,Retail
16918,Retail
16919,Retail
16921,Retail
16923,Retail
16924,Retail
16926,Retail
16927,Retail
16928,Retail
16929,Retail
16930,Retail
16931,Retail
16932,Retail
16933,Retail
16934,Retail
16936,Retail
16938,Retail
16940,Wholesale
16942,Retail
16943,Retail
16945,Retail
16947,Retail
16948,Retail
16949,Retail
16950,Retail
16951,Retail
16952,Retail
16953,Retail
16954,Retail
16955,Retail
16956,Retail
16957,Retail
16959,Retail
16960,Retail
16961,Retail
16963,Retail
16965,Retail
16966,Retail
16967,Retail
16968,Retail
16969,Retail
16971,Retail
16976,Retail
16978,Retail
16979,Retail
16980,Retail
16982,Retail
16983,Retail
16984,Wholesale
16985,Retail
16986,Retail
16987,Retail
16988,Retail
16989,Retail
16990,Retail
16992,Retail
16996,Retail
16997,Retail
16998,Retail
16999,Retail
17001,Retail
17002,Retail
17004,Retail
17006,Retail
17007,Retail
17010,Retail
17011,Retail
17014,Retail
17015,Retail
17017,Retail
17018,Retail
17019,Retail
17022,Retail
17024,Retail
17025,Retail
17026,Retail
17027,Retail
17029,Retail
17030,Retail
17031,Retail
17033,Retail
17034,Retail
17035,Retail
17037,Retail
17038,Retail
17040,Retail
17041,Retail
17042,Retail
17043,Retail
17044,Retail
17045,Retail
17046,Retail
17047,Retail
17048,Retail
17049,Retail
17050,Retail
17051,Retail
17052,Retail
17053,Retail
17054,Retail
17058,Retail
17059,Retail
17060,Retail
17061,Retail
17062,Retail
17063,Retail
17064,Retail
17068,Retail
17069,Retail
17070,Retail
17071,Retail
17073,Retail
17075,Retail
17076,Retail
17078,Retail
17079,Retail
17080,Retail
17081,Retail
17082,Retail
17083,Retail
17084,Retail
17085,Retail
17086,Retail
17088,Retail
17090,Retail
17091,Retail
17092,Retail
17094,Retail
17095,Retail
17096,Retail
17097,Retail
17100,Retail
17101,Retail
17102,Retail
17105,Retail
17107,Wholesale
17109,Retail
17110,Retail
17111,Retail
17114,Retail
17115,Retail
17117,Retail
17118,Retail
17119,Retail
17120,Retail
17122,Retail
17123,Retail
17124,Retail
17125,Retail
17126,Retail
17128,Retail
17131,Retail
17133,Wholesale
17134,Retail
17135,Retail
17138,Retail
17139,Retail
17140,Retail
17142,Retail
17144,Retail
17146,Retail
17147,Retail
17148,Retail
17152,Retail
17153,Retail
17154,Retail
17155,Retail
17157,Retail
17158,Retail
17159,Retail
17160,Wholesale
17162,Retail
17163,Retail
17164,Retail
17165,Retail
17166,Retail
17169,Retail
17171,Retail
17172,Retail
17173,Retail
17174,Retail
17175,Retail
17176,Retail
17179,Retail
17180,Retail
17181,Retail
17183,Retail
17186,Retail
17187,Retail
17188,Retail
17189,Retail
17190,Retail
17191,Retail
17193,Retail
17194,Retail
17197,Retail
17198,Retail
17201,Retail
17203,Wholesale
17204,Retail
17205,Retail
17206,Retail
17211,Retail
17212,Retail
17213,Retail
17214,Retail
17217,Retail
17218,Retail
17219,Retail
17220,Retail
17221,Retail
17222,Retail
17223,Retail
17226,Retail
17227,Retail
17228,Retail
17229,Retail
17230,Retail
17231,Retail
17232,Retail
17233,Retail
17234,Retail
17235,Retail
17236,Retail
17237,Retail
17238,Retail
17239,Retail
17242,Retail
17243,Retail
17244,Retail
17245,Retail
17247,Retail
17248,Retail
17250,Retail
17251,Retail
17252,Retail
17253,Retail
17254,Retail
17255,Retail
17256,Retail
17259,Retail
17262,Retail
17263,Retail
17265,Retail
17266,Retail
17267,Retail
17268,Retail
17272,Retail
17274,Retail
17277,Retail
17278,Retail
17279,Retail
17282,Retail
17284,Retail
17286,Retail
17287,Retail
17288,Retail
17289,Retail
17290,Retail
17291,Retail
17293,Retail
17295,Retail
17297,Retail
17298,Retail
17299,Retail
17301,Retail
17302,Retail
17303,Retail
17306,Wholesale
17309,Retail
17311,Retail
17312,Retail
17313,Retail
17314,Retail
17315,Retail
17317,Retail
17320,Retail
17321,Retail
17323,Retail
17324,Retail
17325,Retail
17329,Retail
17330,Retail
17331,Retail
17333,Retail
17334,Retail
17337,Retail
17338,Retail
17339,Retail
17340,Wholesale
17341,Retail
17343,Retail
17344,Retail
17345,Retail
17346,Retail
17347,Retail
17348,Retail
17349,Retail
17350,Retail
17351,Retail
17353,Retail
17354,Retail
17356,Retail
17357,Retail
17358,Retail
17359,Retail
17360,Retail
17361,Retail
17362,Retail
17364,Retail
17365,Wholesale
17367,Retail
17368,Retail
17370,Retail
17371,Retail
17372,Retail
17373,Retail
17374,Retail
17375,Retail
17376,Retail
17377,Retail
17379,Retail
17381,Wholesale
17382,Retail
17383,Retail
17384,Retail
17385,Retail
17386,Retail
17387,Retail
17388,Retail
17389,Retail
17391,Retail
17392,Retail
17394,Retail
17396,Retail
17397,Retail
17398,Retail
17400,Retail
17402,Retail
17403,Retail
17404,Wholesale
17405,Retail
17406,Retail
17408,Retail
17409,Retail
17410,Retail
17411,Retail
17412,Retail
17414,Wholesale
17415,Retail
17416,Wholesale
17418,Retail
17419,Retail
17420,Retail
17422,Retail
17423,Retail
17425,Retail
17426,Wholesale
17427,Retail
17428,Retail
17429,Retail
17430,Retail
17431,Retail
17432,Retail
17433,Retail
17434,Retail
17436,Retail
17438,Retail
17440,Retail
17442,Retail
17443,Retail
17444,Wholesale
17446,Retail
17447,Retail
17449,Retail
17450,Wholesale
17451,Retail
17453,Retail
17454,Retail
17455,Retail
17456,Retail
17457,Retail
17458,Retail
17459,Retail
17460,Retail
17461,Retail
17462,Retail
17463,Retail
17464,Retail
17466,Retail
17468,Retail
17469,Retail
17470,Retail
17472,Retail
17475,Retail
17480,Retail
17481,Retail
17483,Retail
17486,Retail
17489,Retail
17490,Retail
17491,Retail
17492,Retail
17495,Retail
17496,Retail
17498,Retail
17499,Retail
17500,Retail
17501,Retail
17502,Retail
17503,Retail
17504,Retail
17505,Retail
17506,Retail
17507,Retail
17508,Retail
17509,Retail
17510,Retail
17511,Wholesale
17512,Retail
17513,Retail
17514,Retail
17515,Retail
17516,Retail
17517,Retail
17519,Retail
17520,Retail
17521,Retail
17522,Retail
17523,Retail
17524,Retail
17525,Retail
17526,Retail
17527,Retail
17528,Retail
17530,Retail
17531,Retail
17534,Retail
17535,Retail
17536,Retail
17537,Retail
17538,Retail
17540,Retail
17542,Retail
17545,Retail
17549,Retail
17550,Retail
17551,Retail
17552,Retail
17553,Retail
17554,Retail
17555,Retail
17556,Retail
17557,Retail
17560,Retail
17561,Retail
17562,Retail
17564,Retail
17566,Retail
17567,Retail
17569,Retail
17571,Retail
17572,Retail
17573,Retail
17574,Retail
17576,Retail
17578,Retail
17579,Retail
17580,Retail
17581,Retail
17582,Retail
17584,Retail
17585,Retail
17588,Retail
17589,Retail
17590,Retail
17591,Retail
17593,Wholesale
17594,Retail
17595,Retail
17596,Wholesale
17597,Retail
17600,Retail
17601,Retail
17602,Wholesale
17604,Retail
17608,Retail
17609,Retail
17611,Retail
17612,Retail
17613,Retail
17614,Retail
17615,Retail
17616,Retail
17618,Retail
17619,Retail
17620,Retail
17621,Retail
17623,Retail
17624,Retail
17625,Retail
17628,Retail
17629,Retail
17630,Retail
17631,Retail
17633,Retail
17634,Retail
17636,Retail
17637,Retail
17639,Retail
17640,Retail
17642,Retail
17643,Retail
17644,Retail
17646,Retail
17647,Retail
17648,Retail
17649,Retail
17650,Retail
17651,Retail
17652,Retail
17653,Retail
17654,Retail
17655,Retail
17656,Retail
17658,Retail
17659,Retail
17660,Retail
17663,Retail
17664,Retail
17666,Retail
17667,Retail
17668,Retail
17669,Retail
17670,Retail
17671,Retail
17672,Retail
17673,Retail
17674,Retail
17675,Retail
17676,Retail
17677,Retail
17678,Retail
17679,Retail
17680,Retail
17682,Retail
17684,Retail
17685,Retail
17686,Retail
17690,Retail
17691,Retail
17692,Retail
17693,Retail
17694,Retail
17695,Retail
17696,Retail
17697,Retail
17698,Retail
17700,Retail
17701,Retail
17702,Retail
17703,Retail
17704,Retail
17705,Retail
17706,Retail
17707,Retail
17708,Retail
17709,Retail
17711,Retail
17712,Retail
17714,Retail
17715,Retail
17716,Retail
17718,Retail
17719,Retail
17720,Retail
17722,Retail
17723,Retail
17724,Retail
17725,Retail
17727,Retail
17728,Retail
17730,Retail
17731,Retail
17732,Retail
17733,Retail
17734,Retail
17735,Wholesale
17736,Retail
17737,Retail
17738,Retail
17739,Retail
17742,Retail
17744,Wholesale
17746,Retail
17747,Retail
17749,Retail
17750,Wholesale
17752,Retail
17754,Retail
17757,Retail
17758,Retail
17759,Retail
17760,Retail
17761,Retail
17763,Retail
17764,Retail
17765,Retail
17767,Retail
17768,Retail
17769,Retail
17770,Retail
17771,Retail
17772,Retail
17774,Retail
17775,Retail
17777,Retail
17779,Retail
17781,Retail
17783,Retail
17785,Retail
17786,Retail
17787,Retail
17788,Retail
17789,Retail
17790,Retail
17791,Retail
17793,Retail
17795,Retail
17796,Retail
17797,Retail
17799,Retail
17800,Retail
17802,Retail
17805,Retail
17806,Retail
17809,Retail
17811,Retail
17812,Retail
17813,Retail
17816,Retail
17817,Retail
17819,Retail
17824,Retail
17827,Retail
17828,Retail
17829,Retail
17830,Retail
17831,Retail
17832,Retail
17835,Retail
17836,Retail
17837,Retail
17838,Retail
17839,Retail
17841,Retail
17843,Retail
17844,Retail
17846,Retail
17848,Retail
17849,Retail
17850,Retail
17852,Retail
17854,Retail
17855,Retail
17856,Retail
17857,Wholesale
17858,Retail
17859,Retail
17860,Retail
17861,Retail
17862,Retail
17863,Wholesale
17864,Retail
17865,Retail
17866,Retail
17867,Retail
17869,Retail
17870,Retail
17871,Retail
17873,Retail
17874,Retail
17877,Retail
17878,Retail
17879,Retail
17880,Retail
17881,Retail
17883,Retail
17884,Retail
17885,Retail
17886,Retail
17887,Retail
17888,Retail
17889,Retail
17890,Retail
17891,Retail
17892,Retail
17893,Retail
17894,Retail
17895,Retail
17896,Retail
17897,Retail
17898,Retail
17899,Retail
17900,Retail
17901,Retail
17904,Retail
17905,Retail
17906,Retail
17908,Retail
17911,Retail
17912,Retail
17913,Retail
17914,Retail
17917,Retail
17919,Retail
17920,Retail
17921,Retail
17923,Retail
17924,Retail
17925,Retail
17926,Retail
17928,Retail
17929,Retail
17930,Retail
17931,Retail
17932,Retail
17934,Retail
17935,Retail
17936,Retail
17937,Retail
17939,Retail
17940,Wholesale
17941,Retail
17942,Retail
17946,Retail
17947,Retail
17948,Retail
17949,Wholesale
17950,Retail
17951,Retail
17954,Retail
17955,Retail
17956,Retail
17957,Retail
17958,Retail
17960,Retail
17961,Retail
17962,Retail
17964,Retail
17965,Retail
17966,Wholesale
17967,Retail
17968,Retail
17969,Retail
17970,Retail
17972,Retail
17973,Retail
17974,Retail
17975,Retail
17976,Retail
17977,Retail
17978,Retail
17979,Retail
17980,Retail
17984,Retail
17985,Retail
17986,Retail
17987,Retail
17988,Retail
17990,Retail
17991,Retail
17994,Retail
17995,Retail
17997,Retail
17999,Retail
18001,Retail
18004,Retail
18005,Retail
18006,Retail
18008,Retail
18009,Retail
18010,Retail
18011,Retail
18013,Retail
18014,Retail
18015,Retail
18016,Retail
18017,Retail
18018,Retail
18019,Retail
18022,Retail
18024,Retail
18027,Retail
18030,Retail
18032,Retail
18033,Retail
18034,Retail
18035,Retail
18036,Retail
18037,Retail
18040,Retail
18041,Retail
18042,Retail
18043,Retail
18044,Retail
18045,Retail
18048,Retail
18050,Retail
18053,Retail
18055,Retail
18056,Retail
18058,Retail
18059,Retail
18061,Retail
18062,Retail
18064,Retail
18065,Retail
18066,Retail
18067,Retail
18068,Retail
18069,Retail
18071,Retail
18073,Retail
18074,Retail
18075,Retail
18077,Retail
18078,Retail
18079,Wholesale
18080,Retail
18081,Retail
18082,Retail
18084,Retail
18085,Retail
18086,Retail
18087,Wholesale
18088,Retail
18092,Retail
18093,Retail
18094,Retail
18095,Retail
18096,Retail
18097,Retail
18099,Retail
18101,Retail
18102,Wholesale
18104,Retail
18105,Retail
18106,Retail
18108,Retail
18109,Retail
18110,Retail
18112,Retail
18113,Retail
18114,Retail
18116,Retail
18117,Retail
18118,Retail
18119,Retail
18120,Retail
18121,Retail
18122,Retail
18123,Retail
18125,Retail
18126,Retail
18127,Retail
18129,Retail
18130,Retail
18135,Retail
18136,Retail
18138,Retail
18139,Wholesale
18142,Retail
18143,Retail
18144,Retail
18145,Wholesale
18146,Retail
18147,Retail
18149,Retail
18150,Retail
18151,Retail
18154,Retail
18155,Retail
18156,Retail
18158,Retail
18159,Retail
18160,Retail
18161,Retail
18164,Retail
18165,Retail
18167,Retail
18168,Retail
18169,Retail
18170,Retail
18171,Retail
18172,Retail
18173,Retail
18174,Retail
18176,Retail
18177,Retail
18178,Retail
18179,Retail
18180,Retail
18181,Retail
18183,Retail
18184,Retail
18185,Retail
18188,Retail
18189,Retail
18190,Retail
18191,Retail
18192,Retail
18193,Retail
18194,Retail
18196,Retail
18198,Retail
18200,Retail
18202,Retail
18203,Retail
18204,Retail
18205,Retail
18209,Retail
18210,Retail
18211,Retail
18212,Retail
18213,Retail
18215,Retail
18216,Retail
18217,Retail
18218,Retail
18219,Retail
18220,Retail
18221,Retail
18222,Retail
18223,Retail
18224,Retail
18225,Retail
18226,Retail
18227,Retail
18228,Retail
18229,Retail
18230,Retail
18231,Retail
18232,Retail
18233,Retail
18235,Retail
18236,Retail
18237,Retail
18239,Retail
18240,Retail
18241,Retail
18242,Retail
18245,Retail
18246,Retail
18248,Retail
18249,Retail
18250,Retail
18251,Wholesale
18252,Retail
18255,Retail
18257,Retail
18259,Retail
18260,Retail
18261,Retail
18262,Retail
18263,Retail
18265,Retail
18269,Retail
18270,Retail
18272,Retail
18273,Retail
18276,Retail
18277,Retail
18278,Retail
18280,Retail
18281,Retail
18282,Retail
18283,Retail
18287,Retail
